Designator,Val,Package,Mid X,Mid Y,Rotation,Layer
C1,0u1,C_0603_1608Metric,121.412,-82.283,-90,top
C10,1u hv,C_1206_3216Metric,179.324,-35.4432,90,top
C11,100u hv,CP_Elec_10x10.5,154.744,-37.1855,-90,top
C12,1u 16v,C_0603_1608Metric,166.5862,-40.2844,180,top
C13,10u,C_0805_2012Metric,80.137,-30.16,-90,top
C14,0u1,C_0603_1608Metric,76.454,-24.371,-90,top
C15,0u1,C_0603_1608Metric,77.203,-27.432,0,top
C16,10u,C_0805_2012Metric,64,-32.5,90,top
C17,100u hv,CP_Elec_10x10.5,178.689,-56.896,-90,top
C18,10u,C_0805_2012Metric,117.729,-59.919,180,top
C19,10u,C_0805_2012Metric,122.301,-59.919,180,top
C2,0u1,C_0603_1608Metric,134.874,-81.267,-90,top
C20,0u1,C_0603_1608Metric,34,-86.725,-90,top
C21,1000u,CP_Elec_8x10.5,131.699,-55,90,top
C22,0u1,C_0603_1608Metric,184.785,-46.926,90,top
C23,0u1,C_0603_1608Metric,186.055,-51.676,90,top
C3,0u1,C_0603_1608Metric,147.921304,-81,-90,top
C4,0u1,C_0603_1608Metric,160.881956,-81,-90,top
C5,0u1,C_0603_1608Metric,174.244,-81.013,-90,top
C6,10u,C_0805_2012Metric,36.5,-86.55,-90,top
C7,47n,C_0603_1608Metric,167.8432,-34.8488,-90,top
C8,1u 16v,C_0603_1608Metric,166.735667,-31.5975,90,top
C9,1u hv,C_1206_3216Metric,164.592,-31.5975,90,top
D1,MBR0560,D_SOD-123,155.195,-49.53,0,top
D2,ZENER 5V,D_SOD-523,117.348,-30.226,90,top
D3,ZENER 5V,D_SOD-523,120.015,-32.639,0,top
HD1,Header 2x3,Dummy_Header_2x3,49.657,-76.073,90,top
HD2,Header 2x3,Dummy_Header_2x3,36.957,-76.073,90,top
HD3,Header 2x21,Dummy_Header_2x21,24.257,-25.273,0,top
HD4,Header 2x16,Dummy_Header_2x16,57.277,-37.973,0,top
J1,Motor Out,"PhoenixContact_MC_1,5_2-G-3.81_1x02_P3.81mm_Horizontal",174.062,-25.4115,180,top
J2,ESTOP,"PhoenixContact_MSTBA_2,5_2-G-5,08_1x02_P5.08mm_Horizontal",145.741,-25.4877,180,top
J3,LOADCELL,"PhoenixContact_MC_1,5_4-G-3.81_1x04_P3.81mm_Horizontal",91.945,-25.9325,180,top
J5,PJ-102BH,Barrel_Jack_5.5mmODx2.1mmID_PJ-202A,131.114133,-31.176,0,top
J8,10033526-N3212LF,USB_Mini-B_Wuerth_65100516121_Horizontal,108.7,-26.209,180,top
L1,100u,L_Sunlord_MWSA1206S-101,144.645,-56.96,-90,top
Q1,Q_PNP_BEC,SOT-23,83.124,-32.8445,90,top
R1,100k,R_0603_1608Metric,141.478,-38.608,180,top
R10,100r,R_0603_1608Metric,120.459,-88.646,180,top
R11,10k,R_0603_1608Metric,134.960652,-85.5,90,top
R12,100r,R_0603_1608Metric,134.960652,-90,90,top
R13,10k,R_0603_1608Metric,147.921304,-85.5,90,top
R14,100r,R_0603_1608Metric,147.921304,-90,90,top
R15,10k,R_0603_1608Metric,160.881956,-85.5,90,top
R16,100r,R_0603_1608Metric,160.881956,-90,90,top
R17,10k,R_0603_1608Metric,174.5,-85.5,90,top
R18,100r,R_0603_1608Metric,174.5,-90,90,top
R2,1K,R_0603_1608Metric,120.015,-30.861,180,top
R22,10k,R_0603_1608Metric,37.8338,-53.2208,0,top
R23,10k,R_0603_1608Metric,37.8338,-55.2108,0,top
R25,0R,R_0603_1608Metric,166.37,-44.069,90,top
R26,680R,R_0603_1608Metric,181.727667,-41.148,180,top
R27,680R,R_0603_1608Metric,181.727667,-43,180,top
R28,13k,C_0603_1608Metric,75.438,-30.5585,90,top
R29,4k7,R_0603_1608Metric,76.962,-30.5585,90,top
R3,1K,R_0603_1608Metric,120.142,-34.29,180,top
R30,1k,R_0603_1608Metric,79.9978,-23.622,180,top
R31,1k,R_0603_1608Metric,79.947,-25.146,180,top
R32,0R,R_0603_1608Metric,77.536,-34.1145,180,top
R33,10k,R_0603_1608Metric,37.3888,-92.2142,90,top
R35,10K,R_0603_1608Metric,34.2798,-57.2428,180,top
R36,10K,R_0603_1608Metric,186.055,-55.372,90,top
R37,10K,R_0603_1608Metric,183.007,-46.926,-90,top
R4,10k,R_0603_1608Metric,138.684,-39.37,-90,top
R5,100k,R_0603_1608Metric,146.812,-37.084,-90,top
R6,0R,R_0603_1608Metric,118.364,-39.18,90,top
R7,0R,R_0603_1608Metric,116.84,-39.18,90,top
R8,10k,R_0603_1608Metric,145.034,-38.862,-90,top
R9,10k,R_0603_1608Metric,121.412,-85.789,90,top
S1,FSM4JSMATR,Switch_Tactile_SMD_6x6mm,127,-85.5,-90,top
S2,FSM4JSMATR,Switch_Tactile_SMD_6x6mm,140,-85.625,-90,top
S3,FSM4JSMATR,Switch_Tactile_SMD_6x6mm,153,-85.625,-90,top
S4,FSM4JSMATR,Switch_Tactile_SMD_6x6mm,166,-85.625,-90,top
S5,FSM4JSMATR,Switch_Tactile_SMD_6x6mm,179,-85.625,-90,top
U1,DRV8873SPWPRQ1,HTSSOP-24-1EP_4.4x7.8mm_P0.65mm_EP3.4x7.8mm_Mask2.4x4.68mm_ThermalVias,173.139,-37.2595,90,top
U10,LM2576HVS-5,TO-263-5_TabPin3,161.925,-58.229,0,top
U11,SN74LVC1T45DCK,SOT-363_SC-70-6,108.164,-38.923,90,top
U12,SN74LVC1T45DCK,SOT-363_SC-70-6,112.664,-38.928,90,top
U13,TLV76133DCY,SOT-223-3_TabPin2,119.761,-66.904,-90,top
U2,HX711,SOP-16_3.9x9.9mm_P1.27mm,70.21,-29.2885,180,top
U6,MAX7221xWG,SOIC-24W_7.5x15.4mm_P1.27mm,46.989,-87.791,-90,top
U7,CA56-12EWA,CA56-12EWA,89.65,-84.38,90,top
U8,CA56-12EWA,CA56-12EWA,89.65,-53.265,90,top
P1,motorplug,3.81mm_2p,174.062,-24.4115,180,top
P2,estopplug,5.08mm_2p,145.741,-24.4877,180,top
P3,loadcellplug,3.81mm_4p,91.945,-24.9325,180,top
